timestamp,elderly_id,age,heart_rate,systolic_bp,diastolic_bp,blood_sugar,body_temperature,missed_medications,risk_level,confidence_score
2026-06-08 00:28:01,999,75,75,120,80,100,98.6,0,Low,0.67
2026-06-08 00:28:12,107,75,74,120,80,100,98.6,0,Low,0.67
2026-06-08 00:28:12,106,75,73,120,80,100,98.6,0,Low,0.67
2026-06-08 00:28:12,101,75,73,120,80,100,98.6,0,Low,0.67
2026-06-08 00:28:12,106,75,73,120,80,100,98.6,0,Low,0.67
2026-06-08 00:28:12,100,75,72,120,80,100,98.6,0,Low,0.67
2026-06-08 00:28:12,109,75,76,120,80,100,98.6,0,Low,0.67
2026-06-08 00:28:12,102,75,74,120,80,100,98.6,0,Low,0.67
2026-06-08 00:28:12,102,75,74,120,80,100,98.6,0,Low,0.67
2026-06-08 00:28:12,109,75,76,120,80,100,98.6,0,Low,0.67
2026-06-08 00:28:12,108,75,75,120,80,100,98.6,0,Low,0.67
2026-06-08 00:28:12,100,75,72,120,80,100,98.6,0,Low,0.67
2026-06-08 00:28:12,104,75,76,120,80,100,98.6,0,Low,0.67
2026-06-08 00:28:12,105,75,72,120,80,100,98.6,0,Low,0.67
2026-06-08 00:28:12,104,75,76,120,80,100,98.6,0,Low,0.67
2026-06-08 00:28:12,108,75,75,120,80,100,98.6,0,Low,0.67
2026-06-08 00:28:12,105,75,72,120,80,100,98.6,0,Low,0.67
2026-06-08 00:28:12,109,75,76,120,80,100,98.6,0,Low,0.67
2026-06-08 00:28:12,107,75,74,120,80,100,98.6,0,Low,0.67
2026-06-08 00:28:12,100,75,72,120,80,100,98.6,0,Low,0.67
2026-06-08 00:28:12,103,75,75,120,80,100,98.6,0,Low,0.67
2026-06-08 00:28:12,101,75,73,120,80,100,98.6,0,Low,0.67
2026-06-08 00:28:12,103,75,75,120,80,100,98.6,0,Low,0.67
2026-06-08 00:28:12,103,75,75,120,80,100,98.6,0,Low,0.67
2026-06-08 00:28:12,108,75,75,120,80,100,98.6,0,Low,0.67
2026-06-08 00:28:12,105,75,72,120,80,100,98.6,0,Low,0.67
2026-06-08 00:28:12,107,75,74,120,80,100,98.6,0,Low,0.67
2026-06-08 00:28:12,101,75,73,120,80,100,98.6,0,Low,0.67
2026-06-08 00:28:12,104,75,76,120,80,100,98.6,0,Low,0.67
2026-06-08 00:28:12,106,75,73,120,80,100,98.6,0,Low,0.67
2026-06-08 00:28:12,102,75,74,120,80,100,98.6,0,Low,0.67
2026-06-08 00:28:14,100,75,72,120,80,100,98.6,0,Low,0.67
2026-06-08 00:28:14,105,75,72,120,80,100,98.6,0,Low,0.67
2026-06-08 00:28:14,101,75,73,120,80,100,98.6,0,Low,0.67
2026-06-08 00:28:14,103,75,75,120,80,100,98.6,0,Low,0.67
2026-06-08 00:28:14,104,75,76,120,80,100,98.6,0,Low,0.67
2026-06-08 00:28:14,106,75,73,120,80,100,98.6,0,Low,0.67
2026-06-08 00:28:14,102,75,74,120,80,100,98.6,0,Low,0.67
2026-06-08 00:28:14,108,75,75,120,80,100,98.6,0,Low,0.67
2026-06-08 00:28:14,109,75,76,120,80,100,98.6,0,Low,0.67
2026-06-08 00:28:14,102,75,74,120,80,100,98.6,0,Low,0.67
2026-06-08 00:28:14,101,75,73,120,80,100,98.6,0,Low,0.67
2026-06-08 00:28:14,103,75,75,120,80,100,98.6,0,Low,0.67
2026-06-08 00:28:14,104,75,76,120,80,100,98.6,0,Low,0.67
2026-06-08 00:28:14,108,75,75,120,80,100,98.6,0,Low,0.67
2026-06-08 00:28:14,100,75,72,120,80,100,98.6,0,Low,0.67
2026-06-08 00:28:14,106,75,73,120,80,100,98.6,0,Low,0.67
2026-06-08 00:28:14,105,75,72,120,80,100,98.6,0,Low,0.67
2026-06-08 00:28:14,102,75,74,120,80,100,98.6,0,Low,0.67
2026-06-08 00:28:14,103,75,75,120,80,100,98.6,0,Low,0.67
2026-06-08 00:28:14,104,75,76,120,80,100,98.6,0,Low,0.67
2026-06-08 00:28:14,107,75,74,120,80,100,98.6,0,Low,0.67
2026-06-08 00:28:14,105,75,72,120,80,100,98.6,0,Low,0.67
2026-06-08 00:28:14,109,75,76,120,80,100,98.6,0,Low,0.67
2026-06-08 00:28:14,107,75,74,120,80,100,98.6,0,Low,0.67
2026-06-08 00:28:14,106,75,73,120,80,100,98.6,0,Low,0.67
2026-06-08 00:28:14,108,75,75,120,80,100,98.6,0,Low,0.67
2026-06-08 00:28:14,107,75,74,120,80,100,98.6,0,Low,0.67
2026-06-08 00:28:14,109,75,76,120,80,100,98.6,0,Low,0.67
2026-06-08 00:28:14,100,75,72,120,80,100,98.6,0,Low,0.67
2026-06-08 00:28:14,101,75,73,120,80,100,98.6,0,Low,0.67
2026-06-08 00:28:16,100,75,72,120,80,100,98.6,0,Low,0.67
2026-06-08 00:28:16,101,75,73,120,80,100,98.6,0,Low,0.67
2026-06-08 00:28:16,102,75,74,120,80,100,98.6,0,Low,0.67
2026-06-08 00:28:16,106,75,73,120,80,100,98.6,0,Low,0.67
2026-06-08 00:28:16,105,75,72,120,80,100,98.6,0,Low,0.67
2026-06-08 00:28:16,104,75,76,120,80,100,98.6,0,Low,0.67
2026-06-08 00:28:16,103,75,75,120,80,100,98.6,0,Low,0.67
2026-06-08 00:28:16,104,75,76,120,80,100,98.6,0,Low,0.67
2026-06-08 00:28:16,109,75,76,120,80,100,98.6,0,Low,0.67
2026-06-08 00:28:16,107,75,74,120,80,100,98.6,0,Low,0.67
2026-06-08 00:28:16,105,75,72,120,80,100,98.6,0,Low,0.67
2026-06-08 00:28:16,101,75,73,120,80,100,98.6,0,Low,0.67
2026-06-08 00:28:16,102,75,74,120,80,100,98.6,0,Low,0.67
2026-06-08 00:28:16,106,75,73,120,80,100,98.6,0,Low,0.67
2026-06-08 00:28:16,103,75,75,120,80,100,98.6,0,Low,0.67
2026-06-08 00:28:16,100,75,72,120,80,100,98.6,0,Low,0.67
2026-06-08 00:28:16,109,75,76,120,80,100,98.6,0,Low,0.67
2026-06-08 00:28:16,101,75,73,120,80,100,98.6,0,Low,0.67
2026-06-08 00:28:16,108,75,75,120,80,100,98.6,0,Low,0.67
2026-06-08 00:28:16,105,75,72,120,80,100,98.6,0,Low,0.67
2026-06-08 00:28:16,108,75,75,120,80,100,98.6,0,Low,0.67
2026-06-08 00:28:16,100,75,72,120,80,100,98.6,0,Low,0.67
2026-06-08 00:28:16,108,75,75,120,80,100,98.6,0,Low,0.67
2026-06-08 00:28:16,109,75,76,120,80,100,98.6,0,Low,0.67
2026-06-08 00:28:16,102,75,74,120,80,100,98.6,0,Low,0.67
2026-06-08 00:28:16,107,75,74,120,80,100,98.6,0,Low,0.67
2026-06-08 00:28:16,103,75,75,120,80,100,98.6,0,Low,0.67
2026-06-08 00:28:16,106,75,73,120,80,100,98.6,0,Low,0.67
2026-06-08 00:28:16,104,75,76,120,80,100,98.6,0,Low,0.67
2026-06-08 00:28:16,107,75,74,120,80,100,98.6,0,Low,0.67
2026-06-08 00:28:18,100,75,72,120,80,100,98.6,0,Low,0.67
2026-06-08 00:28:18,101,75,73,120,80,100,98.6,0,Low,0.67
2026-06-08 00:28:18,103,75,75,120,80,100,98.6,0,Low,0.67
2026-06-08 00:28:18,105,75,72,120,80,100,98.6,0,Low,0.67
2026-06-08 00:28:18,104,75,76,120,80,100,98.6,0,Low,0.67
2026-06-08 00:28:18,102,75,74,120,80,100,98.6,0,Low,0.67
2026-06-08 00:28:18,106,75,73,120,80,100,98.6,0,Low,0.67
2026-06-08 00:28:18,107,75,74,120,80,100,98.6,0,Low,0.67
2026-06-08 00:28:18,108,75,75,120,80,100,98.6,0,Low,0.67
2026-06-08 00:28:18,102,75,74,120,80,100,98.6,0,Low,0.67
2026-06-08 00:28:18,100,75,72,120,80,100,98.6,0,Low,0.67
2026-06-08 00:28:18,101,75,73,120,80,100,98.6,0,Low,0.67
2026-06-08 00:28:18,109,75,76,120,80,100,98.6,0,Low,0.67
2026-06-08 00:28:18,103,75,75,120,80,100,98.6,0,Low,0.67
2026-06-08 00:28:18,104,75,76,120,80,100,98.6,0,Low,0.67
2026-06-08 00:28:18,105,75,72,120,80,100,98.6,0,Low,0.67
2026-06-08 00:28:18,109,75,76,120,80,100,98.6,0,Low,0.67
2026-06-08 00:28:19,102,75,74,120,80,100,98.6,0,Low,0.67
2026-06-08 00:28:19,107,75,74,120,80,100,98.6,0,Low,0.67
2026-06-08 00:28:19,108,75,75,120,80,100,98.6,0,Low,0.67
2026-06-08 00:28:19,101,75,73,120,80,100,98.6,0,Low,0.67
2026-06-08 00:28:19,106,75,73,120,80,100,98.6,0,Low,0.67
2026-06-08 00:28:19,100,75,72,120,80,100,98.6,0,Low,0.67
2026-06-08 00:28:19,107,75,74,120,80,100,98.6,0,Low,0.67
2026-06-08 00:28:19,108,75,75,120,80,100,98.6,0,Low,0.67
2026-06-08 00:28:19,106,75,73,120,80,100,98.6,0,Low,0.67
2026-06-08 00:28:19,105,75,72,120,80,100,98.6,0,Low,0.67
2026-06-08 00:28:19,103,75,75,120,80,100,98.6,0,Low,0.67
2026-06-08 00:28:19,104,75,76,120,80,100,98.6,0,Low,0.67
2026-06-08 00:28:19,109,75,76,120,80,100,98.6,0,Low,0.67
2026-06-08 00:28:20,100,75,72,120,80,100,98.6,0,Low,0.67
2026-06-08 00:28:20,101,75,73,120,80,100,98.6,0,Low,0.67
2026-06-08 00:28:20,105,75,72,120,80,100,98.6,0,Low,0.67
2026-06-08 00:28:20,102,75,74,120,80,100,98.6,0,Low,0.67
2026-06-08 00:28:20,106,75,73,120,80,100,98.6,0,Low,0.67
2026-06-08 00:28:20,103,75,75,120,80,100,98.6,0,Low,0.67
2026-06-08 00:28:20,104,75,76,120,80,100,98.6,0,Low,0.67
2026-06-08 00:28:20,107,75,74,120,80,100,98.6,0,Low,0.67
2026-06-08 00:28:20,108,75,75,120,80,100,98.6,0,Low,0.67
2026-06-08 00:28:20,101,75,73,120,80,100,98.6,0,Low,0.67
2026-06-08 00:28:20,109,75,76,120,80,100,98.6,0,Low,0.67
2026-06-08 00:28:20,100,75,72,120,80,100,98.6,0,Low,0.67
2026-06-08 00:28:21,103,75,75,120,80,100,98.6,0,Low,0.67
2026-06-08 00:28:21,104,75,76,120,80,100,98.6,0,Low,0.67
2026-06-08 00:28:21,102,75,74,120,80,100,98.6,0,Low,0.67
2026-06-08 00:28:21,105,75,72,120,80,100,98.6,0,Low,0.67
2026-06-08 00:28:21,109,75,76,120,80,100,98.6,0,Low,0.67
2026-06-08 00:28:21,106,75,73,120,80,100,98.6,0,Low,0.67
2026-06-08 00:28:21,107,75,74,120,80,100,98.6,0,Low,0.67
2026-06-08 00:28:21,108,75,75,120,80,100,98.6,0,Low,0.67
2026-06-08 00:28:21,100,75,72,120,80,100,98.6,0,Low,0.67
2026-06-08 00:28:21,101,75,73,120,80,100,98.6,0,Low,0.67
2026-06-08 00:28:21,102,75,74,120,80,100,98.6,0,Low,0.67
2026-06-08 00:28:21,109,75,76,120,80,100,98.6,0,Low,0.67
2026-06-08 00:28:21,103,75,75,120,80,100,98.6,0,Low,0.67
2026-06-08 00:28:21,108,75,75,120,80,100,98.6,0,Low,0.67
2026-06-08 00:28:21,105,75,72,120,80,100,98.6,0,Low,0.67
2026-06-08 00:28:21,106,75,73,120,80,100,98.6,0,Low,0.67
2026-06-08 00:28:21,104,75,76,120,80,100,98.6,0,Low,0.67
2026-06-08 00:28:21,107,75,74,120,80,100,98.6,0,Low,0.67
2026-06-08 00:28:22,100,75,72,120,80,100,98.6,0,Low,0.67
2026-06-08 00:28:22,101,75,73,120,80,100,98.6,0,Low,0.67
2026-06-08 00:28:22,102,75,74,120,80,100,98.6,0,Low,0.67
2026-06-08 00:28:22,103,75,75,120,80,100,98.6,0,Low,0.67
2026-06-08 00:28:22,104,75,76,120,80,100,98.6,0,Low,0.67
2026-06-08 00:28:22,106,75,73,120,80,100,98.6,0,Low,0.67
2026-06-08 00:28:22,105,75,72,120,80,100,98.6,0,Low,0.67
2026-06-08 00:28:22,107,75,74,120,80,100,98.6,0,Low,0.67
2026-06-08 00:28:22,108,75,75,120,80,100,98.6,0,Low,0.67
2026-06-08 00:28:23,100,75,72,120,80,100,98.6,0,Low,0.67
2026-06-08 00:28:23,109,75,76,120,80,100,98.6,0,Low,0.67
2026-06-08 00:28:23,101,75,73,120,80,100,98.6,0,Low,0.67
2026-06-08 00:28:23,104,75,76,120,80,100,98.6,0,Low,0.67
2026-06-08 00:28:23,105,75,72,120,80,100,98.6,0,Low,0.67
2026-06-08 00:28:23,103,75,75,120,80,100,98.6,0,Low,0.67
2026-06-08 00:28:23,102,75,74,120,80,100,98.6,0,Low,0.67
2026-06-08 00:28:23,106,75,73,120,80,100,98.6,0,Low,0.67
2026-06-08 00:28:23,107,75,74,120,80,100,98.6,0,Low,0.67
2026-06-08 00:28:23,108,75,75,120,80,100,98.6,0,Low,0.67
2026-06-08 00:28:23,109,75,76,120,80,100,98.6,0,Low,0.67
2026-06-08 00:28:23,100,75,72,120,80,100,98.6,0,Low,0.67
2026-06-08 00:28:23,101,75,73,120,80,100,98.6,0,Low,0.67
2026-06-08 00:28:23,102,75,74,120,80,100,98.6,0,Low,0.67
2026-06-08 00:28:23,106,75,73,120,80,100,98.6,0,Low,0.67
2026-06-08 00:28:23,105,75,72,120,80,100,98.6,0,Low,0.67
2026-06-08 00:28:23,103,75,75,120,80,100,98.6,0,Low,0.67
2026-06-08 00:28:23,104,75,76,120,80,100,98.6,0,Low,0.67
2026-06-08 00:28:23,108,75,75,120,80,100,98.6,0,Low,0.67
2026-06-08 00:28:23,109,75,76,120,80,100,98.6,0,Low,0.67
2026-06-08 00:28:23,107,75,74,120,80,100,98.6,0,Low,0.67
2026-06-08 00:28:24,100,75,72,120,80,100,98.6,0,Low,0.67
2026-06-08 00:28:24,101,75,73,120,80,100,98.6,0,Low,0.67
2026-06-08 00:28:24,102,75,74,120,80,100,98.6,0,Low,0.67
2026-06-08 00:28:24,103,75,75,120,80,100,98.6,0,Low,0.67
2026-06-08 00:28:24,104,75,76,120,80,100,98.6,0,Low,0.67
2026-06-08 00:28:24,105,75,72,120,80,100,98.6,0,Low,0.67
2026-06-08 00:28:24,106,75,73,120,80,100,98.6,0,Low,0.67
2026-06-08 00:28:24,107,75,74,120,80,100,98.6,0,Low,0.67
2026-06-08 00:28:24,108,75,75,120,80,100,98.6,0,Low,0.67
2026-06-08 00:28:25,109,75,76,120,80,100,98.6,0,Low,0.67
2026-06-08 00:28:25,100,75,72,120,80,100,98.6,0,Low,0.67
2026-06-08 00:28:25,101,75,73,120,80,100,98.6,0,Low,0.67
2026-06-08 00:28:25,104,75,76,120,80,100,98.6,0,Low,0.67
2026-06-08 00:28:25,105,75,72,120,80,100,98.6,0,Low,0.67
2026-06-08 00:28:25,102,75,74,120,80,100,98.6,0,Low,0.67
2026-06-08 00:28:25,103,75,75,120,80,100,98.6,0,Low,0.67
2026-06-08 00:28:25,106,75,73,120,80,100,98.6,0,Low,0.67
2026-06-08 00:28:25,107,75,74,120,80,100,98.6,0,Low,0.67
2026-06-08 00:28:25,108,75,75,120,80,100,98.6,0,Low,0.67
2026-06-08 00:28:25,109,75,76,120,80,100,98.6,0,Low,0.67
2026-06-08 00:28:25,101,75,73,120,80,100,98.6,0,Low,0.67
2026-06-08 00:28:25,100,75,72,120,80,100,98.6,0,Low,0.67
2026-06-08 00:28:25,102,75,74,120,80,100,98.6,0,Low,0.67
2026-06-08 00:28:25,103,75,75,120,80,100,98.6,0,Low,0.67
2026-06-08 00:28:25,104,75,76,120,80,100,98.6,0,Low,0.67
2026-06-08 00:28:25,107,75,74,120,80,100,98.6,0,Low,0.67
2026-06-08 00:28:25,108,75,75,120,80,100,98.6,0,Low,0.67
2026-06-08 00:28:25,106,75,73,120,80,100,98.6,0,Low,0.67
2026-06-08 00:28:25,105,75,72,120,80,100,98.6,0,Low,0.67
2026-06-08 00:28:25,109,75,76,120,80,100,98.6,0,Low,0.67
2026-06-08 00:28:26,100,75,72,120,80,100,98.6,0,Low,0.67
2026-06-08 00:28:26,101,75,73,120,80,100,98.6,0,Low,0.67
2026-06-08 00:28:26,102,75,74,120,80,100,98.6,0,Low,0.67
2026-06-08 00:28:26,103,75,75,120,80,100,98.6,0,Low,0.67
2026-06-08 00:28:26,104,75,76,120,80,100,98.6,0,Low,0.67
2026-06-08 00:28:27,105,75,72,120,80,100,98.6,0,Low,0.67
2026-06-08 00:28:27,106,75,73,120,80,100,98.6,0,Low,0.67
2026-06-08 00:28:27,107,75,74,120,80,100,98.6,0,Low,0.67
2026-06-08 00:28:27,108,75,75,120,80,100,98.6,0,Low,0.67
2026-06-08 00:28:27,109,75,76,120,80,100,98.6,0,Low,0.67
2026-06-08 00:28:27,100,75,72,120,80,100,98.6,0,Low,0.67
2026-06-08 00:28:27,101,75,73,120,80,100,98.6,0,Low,0.67
2026-06-08 00:28:27,105,75,72,120,80,100,98.6,0,Low,0.67
2026-06-08 00:28:27,104,75,76,120,80,100,98.6,0,Low,0.67
2026-06-08 00:28:27,103,75,75,120,80,100,98.6,0,Low,0.67
2026-06-08 00:28:27,102,75,74,120,80,100,98.6,0,Low,0.67
2026-06-08 00:28:27,106,75,73,120,80,100,98.6,0,Low,0.67
2026-06-08 00:28:27,107,75,74,120,80,100,98.6,0,Low,0.67
2026-06-08 00:28:27,108,75,75,120,80,100,98.6,0,Low,0.67
2026-06-08 00:28:27,101,75,73,120,80,100,98.6,0,Low,0.67
2026-06-08 00:28:27,109,75,76,120,80,100,98.6,0,Low,0.67
2026-06-08 00:28:27,100,75,72,120,80,100,98.6,0,Low,0.67
2026-06-08 00:28:27,102,75,74,120,80,100,98.6,0,Low,0.67
2026-06-08 00:28:27,104,75,76,120,80,100,98.6,0,Low,0.67
2026-06-08 00:28:27,103,75,75,120,80,100,98.6,0,Low,0.67
2026-06-08 00:28:27,108,75,75,120,80,100,98.6,0,Low,0.67
2026-06-08 00:28:27,105,75,72,120,80,100,98.6,0,Low,0.67
2026-06-08 00:28:27,107,75,74,120,80,100,98.6,0,Low,0.67
2026-06-08 00:28:27,109,75,76,120,80,100,98.6,0,Low,0.67
2026-06-08 00:28:27,106,75,73,120,80,100,98.6,0,Low,0.67
2026-06-08 00:28:28,100,75,72,120,80,100,98.6,0,Low,0.67
2026-06-08 00:28:28,102,75,74,120,80,100,98.6,0,Low,0.67
2026-06-08 00:28:28,101,75,73,120,80,100,98.6,0,Low,0.67
2026-06-08 00:28:29,104,75,76,120,80,100,98.6,0,Low,0.67
2026-06-08 00:28:29,103,75,75,120,80,100,98.6,0,Low,0.67
2026-06-08 00:28:29,105,75,72,120,80,100,98.6,0,Low,0.67
2026-06-08 00:28:29,106,75,73,120,80,100,98.6,0,Low,0.67
2026-06-08 00:28:29,107,75,74,120,80,100,98.6,0,Low,0.67
2026-06-08 00:28:29,108,75,75,120,80,100,98.6,0,Low,0.67
2026-06-08 00:28:29,109,75,76,120,80,100,98.6,0,Low,0.67
